계정코드,계정명칭,차대변구분
1110100,현금및현금등가물,차/대변 모두 가능
1110101,현금,차/대변 모두 가능
1110102,당좌예금,차/대변 모두 가능
1110103,보통예금,차/대변 모두 가능
1110104,보통예금(MMF),차/대변 모두 가능
1110105,보통예금(MMDA),차/대변 모두 가능
1110106,보통예금(CMA),차/대변 모두 가능
1110107,보통예금(정기예금),차/대변 모두 가능
1110108,현금등가물,차/대변 모두 가능
1110109,외화보통예금,차/대변 모두 가능
1110110,보통예금(MMT),차/대변 모두 가능
1110200,단기금융상품,차/대변 모두 가능
1110201,단기금융상품(정기예금),차/대변 모두 가능
1110202,단기금융상품(외화정기예금),차/대변 모두 가능
1110203,단기매매증권,차/대변 모두 가능
1110204,단기금융상품(기타),차/대변 모두 가능
1110205,단기매매증권(기타),차/대변 모두 가능
1110300,매도가능증권(단기),차/대변 모두 가능
1110301,매도가능증권(단기:투자주식),차/대변 모두 가능
1110302,매도가능증권(단기:출자금),차/대변 모두 가능
1110303,매도가능증권(단기:국민주택채권,차/대변 모두 가능
1110304,매도가능증권(단기:지역개발공채,차/대변 모두 가능
1110305,매도가능증권(단기:기타),차/대변 모두 가능
1110400,만기보유증권(단기),차/대변 모두 가능
1110401,만기보유증권(단기:국민주택채권,차/대변 모두 가능
1110402,만기보유증권(단기:지역개발공채,차/대변 모두 가능
1110403,유동당기손익금융자산(지분),차/대변 모두 가능
1110404,유동당기손익금융자산(채무),차/대변 모두 가능
1110500,매출채권,차/대변 모두 가능
1110502,받을어음(실물어음),차/대변 모두 가능
1110503,받을어음(전자어음),차/대변 모두 가능
1110504,받을어음(구매카드),차/대변 모두 가능
1110511,외상매출금(카드),차/대변 모두 가능
1110512,외상매출금(상품권),차/대변 모두 가능
1110513,외상매출금(여행사),차/대변 모두 가능
1110514,외상매출금(대내),차/대변 모두 가능
1110515,외상매출금(대외),차/대변 모두 가능
1110516,외상매출금(패키지),차/대변 모두 가능
1110517,외상매출금(스파),차/대변 모두 가능
1110518,외상매출금(현금),차/대변 모두 가능
1110519,외상매출금(일반),차/대변 모두 가능
1110600,대손충당금(매출채권),차/대변 모두 가능
1110700,대손충당금(외상매출금),차/대변 모두 가능
1110800,대손충당금(실물어음),차/대변 모두 가능
1110900,공사미수금,차/대변 모두 가능
1110901,공사미수금(공사미수),차/대변 모두 가능
1110902,공사미수금(진행율),차/대변 모두 가능
1110903,대손충당금(공사미수),차/대변 모두 가능
1111000,분양미수금,차/대변 모두 가능
1111001,분양미수금(아파트),차/대변 모두 가능
1111002,분양미수금(상가),차/대변 모두 가능
1111003,분양미수금(확장),차/대변 모두 가능
1111004,분양미수금(옵션),차/대변 모두 가능
1111005,대손충당금(분양미수),차/대변 모두 가능
1111006,분양미수금(오피스),차/대변 모두 가능
1111007,분양미수금(택지),차/대변 모두 가능
1111100,임대미수금,차/대변 모두 가능
1111105,대손충당금(임대미수),차/대변 모두 가능
1111200,용역미수금,차/대변 모두 가능
1111201,용역미수금(분양대행),차/대변 모두 가능
1111202,용역미수금(기업광고),차/대변 모두 가능
1111203,용역미수금(용역미수),차/대변 모두 가능
1111204,용역미수금(진행률),차/대변 모두 가능
1111205,대손충당금(용역미수),차/대변 모두 가능
1111300,단기대여금,차/대변 모두 가능
1111301,단기대여금(기타),차/대변 모두 가능
1111302,단기대여금(무이자),차/대변 모두 가능
1111303,단기대여금(관계사),차/대변 모두 가능
1111304,단기영업대여금,차/대변 모두 가능
1111400,대손충당금(단기대여),차/대변 모두 가능
1111500,미수금,차/대변 모두 가능
1111501,미수금(소득세),차/대변 모두 가능
1111502,미수금(주민세),차/대변 모두 가능
1111503,미수금(임대료),차/대변 모두 가능
1111504,미수금(부가세),차/대변 모두 가능
1111505,미수금(공동공사비),차/대변 모두 가능
1111506,미수금(퇴직금),차/대변 모두 가능
1111507,미수금(재산세),차/대변 모두 가능
1111508,미수금(화재보험),차/대변 모두 가능
1111509,미수금(기타),차/대변 모두 가능
1111510,미수금(후불제보증료),차/대변 모두 가능
1111511,미수금(후불제이자),차/대변 모두 가능
1111512,미수금(임대보증금),차/대변 모두 가능
1111513,미수금(관리비),차/대변 모두 가능
1111514,미수금(연체료),차/대변 모두 가능
1111515,미수금(배당금),차/대변 모두 가능
1111516,미수금(국민연금),차/대변 모두 가능
1111517,미수금(건강보험),차/대변 모두 가능
1111518,미수금(고용보험),차/대변 모두 가능
1111600,대손충당금(미수금),차/대변 모두 가능
1111601,미수금(카드),차/대변 모두 가능
1111602,미수금(주차장현금),차/대변 모두 가능
1111603,미수금(공유),차/대변 모두 가능
1111604,미수금(회원),차/대변 모두 가능
1111605,미수금(약정),차/대변 모두 가능
1111606,미수금(가상계좌),차/대변 모두 가능
1111607,미수금(지로),차/대변 모두 가능
1111650,중도매인미수금,차/대변 모두 가능
1111651,대손충당금(중도매인미수금),차/대변 모두 가능
1111652,미수금(신한금통장),차/대변 모두 가능
1111660,중도매인미수금(온라인도매시장),차/대변 모두 가능
1111661,대손충당금(중도매인미수금온라,차/대변 모두 가능
1111700,미수수익,차/대변 모두 가능
1111701,미수수익(예금),차/대변 모두 가능
1111702,미수수익(일반대여금),차/대변 모두 가능
1111703,미수수익(관계사대여금),차/대변 모두 가능
1111704,미수수익(채권),차/대변 모두 가능
1111705,미수수익(지체상금),차/대변 모두 가능
1111800,대손충당금(미수수익),차/대변 모두 가능
1111900,선급금,차/대변 모두 가능
1111901,선급금(공사),차/대변 모두 가능
1111902,선급금(기타),차/대변 모두 가능
1111903,선급금(임대),차/대변 모두 가능
1111904,선급금(숙소),차/대변 모두 가능
1111905,선급금(오피스),차/대변 모두 가능
1111920,선급금(온라인도매시장),차/대변 모두 가능
1112000,대손충당금(선급금),차/대변 모두 가능
1112020,대손충당금(선급금온라인도매시,차/대변 모두 가능
1112021,대손충당금(선급금-공사),차/대변 모두 가능
1112022,대손충당금(선급금-기타),차/대변 모두 가능
1112100,선급금(용지),차/대변 모두 가능
1112105,선급금(주식),차/대변 모두 가능
1112200,선급비용,차/대변 모두 가능
1112201,선급비용(보증료),차/대변 모두 가능
1112202,선급비용(임차료),차/대변 모두 가능
1112203,선급비용(고용보험),차/대변 모두 가능
1112204,선급비용(산재보험),차/대변 모두 가능
1112205,선급비용(교육훈련),차/대변 모두 가능
1112206,선급비용(화재보험),차/대변 모두 가능
1112207,선급비용(차량보험),차/대변 모두 가능
1112208,선급비용(기타),차/대변 모두 가능
1112209,선급비용(기타보험),차/대변 모두 가능
1112210,선급비용(공유),차/대변 모두 가능
1112211,선급비용(회원),차/대변 모두 가능
1112212,선급비용(약정),차/대변 모두 가능
1112250,예치금,차/대변 모두 가능
1112300,선급공사비,차/대변 모두 가능
1112400,대손충당금(선급공사),차/대변 모두 가능
1112500,선급분양원가,차/대변 모두 가능
1112600,대손충당금(선급분양),차/대변 모두 가능
1112700,선급법인세,차/대변 모두 가능
1112701,선급주민세,차/대변 모두 가능
1112800,부가세대급금,차/대변 모두 가능
1112900,선급용역원가,차/대변 모두 가능
1113000,전도금,차/대변 모두 가능
1113001,전도금(본사),차/대변 모두 가능
1113002,전도금(현장),차/대변 모두 가능
1113003,전도금(지점),차/대변 모두 가능
1113004,전도금(사업장),차/대변 모두 가능
1113005,전도금(시재),차/대변 모두 가능
1113100,유동성장기대여금,차/대변 모두 가능
1113200,이연법인세자산(유동),차/대변 모두 가능
1113300,본지점,차/대변 모두 가능
1113400,금융리스채권(유동),차/대변 모두 가능
1113500,당기법인세자산,차/대변 모두 가능
1113600,출하선도금,차/대변 모두 가능
1113601,대손충당금(출하선도금),차/대변 모두 가능
1113620,출하선도금(온라인도매시장),차/대변 모두 가능
1113621,대손충당금(출하선도금온라인도,차/대변 모두 가능
1113700,가지급금,차/대변 모두 가능
1113701,가지급금(물류효율화),차/대변 모두 가능
1113702,가지급금(운임),차/대변 모두 가능
1113703,가지급금(기타),차/대변 모두 가능
1113710,가지급금(온라인도매시장),차/대변 모두 가능
1113800,파생상품자산(유동),차/대변 모두 가능
1113900,보증금(유동),차/대변 모두 가능
1113901,보증금(기타-유동),차/대변 모두 가능
1113902,보증금(숙소-유동),차/대변 모두 가능
1113910,대손충당(보증금-유동),차/대변 모두 가능
1120100,완성공사(시),차/대변 모두 가능
1120101,완성공사,차/대변 모두 가능
1120102,완성공사(타),차/대변 모두 가능
1120200,완성주택상가(시),차/대변 모두 가능
1120201,완성주택상가,차/대변 모두 가능
1120202,완성주택상가(타),차/대변 모두 가능
1120250,재고자산평가충당금,차/대변 모두 가능
1120300,미완성주택상가(시),차/대변 모두 가능
1120301,미완성주택상가,차/대변 모두 가능
1120302,미완성주택상가(타),차/대변 모두 가능
1120400,미완성주택(손실충당금),차/대변 모두 가능
1120500,미완성공사(시),차/대변 모두 가능
1120501,미완성공사,차/대변 모두 가능
1120502,미완성공사(타),차/대변 모두 가능
1120600,용지,차/대변 모두 가능
1120700,가설재,차/대변 모두 가능
1120800,원재료,차/대변 모두 가능
1120801,원재료(식료(당기매입)),차/대변 모두 가능
1120802,원재료(식료(타계정대체)),차/대변 모두 가능
1120803,원재료(음료(당기매입)),차/대변 모두 가능
1120804,원재료(음료(타계정대체)),차/대변 모두 가능
1120805,원재료(식료(기말재고)),차/대변 모두 가능
1120806,원재료(음료(기말재고)),차/대변 모두 가능
1120807,원재료(귀금속(당기매입)),차/대변 모두 가능
1120808,원재료(귀금속(타계정대체)),차/대변 모두 가능
1120809,원재료(귀금속(기말재고)),차/대변 모두 가능
1120900,부재료,차/대변 모두 가능
1120950,저장품,차/대변 모두 가능
1120951,저장품(농약),차/대변 모두 가능
1120952,저장품(비료),차/대변 모두 가능
1120953,저장품(모래),차/대변 모두 가능
1120956,저장품(식자재),차/대변 모두 가능
1120957,저장품(식음료),차/대변 모두 가능
1120958,저장품(일반),차/대변 모두 가능
1120959,저장품(린넨류),차/대변 모두 가능
1120960,상품,차/대변 모두 가능
1120961,상품(당기매입),차/대변 모두 가능
1120962,상품(타계정대체),차/대변 모두 가능
1120963,상품(기말재고),차/대변 모두 가능
1120964,저장품(기물류),차/대변 모두 가능
1120965,저장품(시설류),차/대변 모두 가능
1120966,저장품(유류),차/대변 모두 가능
1120967,저장품(소모품),차/대변 모두 가능
1120968,저장품(가스),차/대변 모두 가능
1120969,상품(귀금속(당기매입)),차/대변 모두 가능
1120970,상품(귀금속(타계정대체)),차/대변 모두 가능
1120971,상품(귀금속(기말재고)),차/대변 모두 가능
1120972,상품(귀금속),차/대변 모두 가능
1121000,기타의재고자산(확장),차/대변 모두 가능
1121010,기타의재고자산(옵션),차/대변 모두 가능
1121050,수탁판매대금,차/대변 모두 가능
1121055,수탁판매대금(온라인도매시장),차/대변 모두 가능
1121100,제품,차/대변 모두 가능
1121101,제품(귀금속(당기매입)),차/대변 모두 가능
1121102,제품(귀금속(타계정대체)),차/대변 모두 가능
1121103,제품(귀금속(기말재고)),차/대변 모두 가능
1121200,재공품,차/대변 모두 가능
1200100,완성임대주택,차/대변 모두 가능
1200200,미완성임대주택(시),차/대변 모두 가능
1200201,미완성임대주택,차/대변 모두 가능
1200202,미완성임대주택(타),차/대변 모두 가능
1200300,임대주택용지,차/대변 모두 가능
1200400,임대주택토지,차/대변 모두 가능
1200500,임대주택채권,차/대변 모두 가능
1200600,국민주택기금차입금,차/대변 모두 가능
1200700,표준임대보증금,차/대변 모두 가능
1200800,전환임대보증금,차/대변 모두 가능
1200900,임대주택(시),차/대변 모두 가능
1200901,임대주택(이월),차/대변 모두 가능
1200902,임대주택,차/대변 모두 가능
1201000,임대감가상각누계액,차/대변 모두 가능
1201100,임대자산조정,차/대변 모두 가능
1310100,장기금융상품,차/대변 모두 가능
1310101,정기예금(장기성),차/대변 모두 가능
1310102,장기금융(기타),차/대변 모두 가능
1310103,특정현금과예금,차/대변 모두 가능
1310104,별단예금,차/대변 모두 가능
1310200,장기성보험,차/대변 모두 가능
1310300,매도가능증권(장기),차/대변 모두 가능
1310301,매도가능증권(장기:투자주식),차/대변 모두 가능
1310302,매도가능증권(장기:출자금),차/대변 모두 가능
1310303,매도가능증권(장기:국민주택채권,차/대변 모두 가능
1310304,매도가능증권(장기:지역개발공채,차/대변 모두 가능
1310305,매도가능증권(장기:기타),차/대변 모두 가능
1310306,매도가능증권(수익증권),차/대변 모두 가능
1310309,매도가능증권(기타유가증권),차/대변 모두 가능
1310400,만기보유증권,차/대변 모두 가능
1310401,만기보유증권(국민주택채권),차/대변 모두 가능
1310402,만기보유증권(지역개별공채),차/대변 모두 가능
1310403,만기보유증권(기타),차/대변 모두 가능
1310404,비유동당기손익금융자산(지분),차/대변 모두 가능
1310405,비유동당기손익금융자산(채무),차/대변 모두 가능
1310500,지분법적용투자주식,차/대변 모두 가능
1310600,회원권,차/대변 모두 가능
1310620,손상차손누계(회원권),차/대변 모두 가능
1310700,장기대여금,차/대변 모두 가능
1310701,장기대여금(무이자),차/대변 모두 가능
1310702,장기대여금(관계사),차/대변 모두 가능
1310703,장기대여금(기타),차/대변 모두 가능
1310704,장기영업대여금,차/대변 모두 가능
1310800,대손충당금(장기대여금),차/대변 모두 가능
1310900,수익사업출자금,차/대변 모두 가능
1311000,예술품,차/대변 모두 가능
1311100,기타의투자자산,차/대변 모두 가능
1311810,투자주식(신기술),차/대변 모두 가능
1311820,출 자 금,차/대변 모두 가능
1311821,출자금(신기술),차/대변 모두 가능
1311829,출자금(기타),차/대변 모두 가능
1311830,투자사채,차/대변 모두 가능
1311831,투자사채(신기술),차/대변 모두 가능
1311832,대손충당금(투자사채(신기술)),차/대변 모두 가능
1311833,할인차금및이연수익(투자사채(신,차/대변 모두 가능
1311834,파생상품자산,차/대변 모두 가능
1311835,파생상품자산(신기술),차/대변 모두 가능
1311900,퇴직연금운용자산,차/대변 모두 가능
1311901,퇴직연금운용자산(예금),차/대변 모두 가능
1311902,퇴직연금운용자산(미운용자산),차/대변 모두 가능
1320100,토지,차/대변 모두 가능
1320200,감가누계(토지),차/대변 모두 가능
1320300,감액누계(토지),차/대변 모두 가능
1320310,토지(임대),차/대변 모두 가능
1320400,건물,차/대변 모두 가능
1320500,감가누계(건물),차/대변 모두 가능
1320600,감액누계(건물),차/대변 모두 가능
1320610,건물(임대),차/대변 모두 가능
1320620,감가누계(건물:임대),차/대변 모두 가능
1320630,감액누계(건물:임대),차/대변 모두 가능
1320640,임대자산사용권조정,차/대변 모두 가능
1320700,구축물,차/대변 모두 가능
1320710,구축물(구축물),차/대변 모두 가능
1320720,구축물(조경물),차/대변 모두 가능
1320800,감가누계(구축물),차/대변 모두 가능
1320900,감액누계(구축물),차/대변 모두 가능
1321000,기계장치,차/대변 모두 가능
1321100,감가누계(기계장치),차/대변 모두 가능
1321200,감액누계(기계장치),차/대변 모두 가능
1321300,차량운반구,차/대변 모두 가능
1321400,감가누계(차량운반구),차/대변 모두 가능
1321500,감액누계(차량운반구),차/대변 모두 가능
1321600,공구와기구,차/대변 모두 가능
1321700,감가누계(공구와기구),차/대변 모두 가능
1321800,감액누계(공구와기구),차/대변 모두 가능
1321900,집기비품,차/대변 모두 가능
1322000,감가누계(집기비품),차/대변 모두 가능
1322100,감액누계(집기비품),차/대변 모두 가능
1322200,기계공구,차/대변 모두 가능
1322300,감가누계(기계공구),차/대변 모두 가능
1322400,감액누계(기계공구),차/대변 모두 가능
1322500,중기,차/대변 모두 가능
1322600,감가누계(중기),차/대변 모두 가능
1322700,감액누계(중기),차/대변 모두 가능
1322800,건설기자재,차/대변 모두 가능
1322900,감가누계(건설기자재),차/대변 모두 가능
1323000,감액누계(건설기자재),차/대변 모두 가능
1323100,시설장치,차/대변 모두 가능
1323200,감가누계(시설장치),차/대변 모두 가능
1323300,감액누계(시설장치),차/대변 모두 가능
1323310,국고보조금(시설장치),차/대변 모두 가능
1323400,건설중인자산,차/대변 모두 가능
1323410,건설중인자산(토지),차/대변 모두 가능
1323420,건설중인자산(토지조성),차/대변 모두 가능
1323430,건설중인자산(건물),차/대변 모두 가능
1323440,건설중인자산(구축물),차/대변 모두 가능
1323450,건설중인자산(조경물),차/대변 모두 가능
1323460,건설중인자산(집기비품),차/대변 모두 가능
1323470,건설중인자산(기타),차/대변 모두 가능
1323500,리스임대주택토지,차/대변 모두 가능
1323600,리스임대주택,차/대변 모두 가능
1323700,감가누계(리스임대주택),차/대변 모두 가능
1323800,감액누계(리스임대주택),차/대변 모두 가능
1323900,코스,차/대변 모두 가능
1324000,조경,차/대변 모두 가능
1324100,해수류,차/대변 모두 가능
1324200,감가누계(해수류),차/대변 모두 가능
1324300,선박,차/대변 모두 가능
1324400,감가누계(선박),차/대변 모두 가능
1324500,사용권자산,차/대변 모두 가능
1324600,금형,차/대변 모두 가능
1324700,감가누계(금형),차/대변 모두 가능
1324800,감액누계(금형),차/대변 모두 가능
1330100,영업권,차/대변 모두 가능
1330200,산업재산권,차/대변 모두 가능
1330201,특허권,차/대변 모두 가능
1330202,상표권,차/대변 모두 가능
1330203,실용신안권,차/대변 모두 가능
1330204,디자인권,차/대변 모두 가능
1330205,면허권,차/대변 모두 가능
1330300,광업권,차/대변 모두 가능
1330400,창업비,차/대변 모두 가능
1330500,개발비,차/대변 모두 가능
1330600,소프트웨어,차/대변 모두 가능
1330700,회원권(무형),차/대변 모두 가능
1330800,브랜드,차/대변 모두 가능
1330900,수주잔고,차/대변 모두 가능
1331000,저작권,차/대변 모두 가능
1340100,보증금,차/대변 모두 가능
1340101,보증금(임차),차/대변 모두 가능
1340102,보증금(회원가입권),차/대변 모두 가능
1340103,보증금(기타),차/대변 모두 가능
1340104,보증금(예치),차/대변 모두 가능
1340105,관리비(예치),차/대변 모두 가능
1340106,보증금(숙소),차/대변 모두 가능
1340200,대손충당(보증금),차/대변 모두 가능
1340300,장기선급금,차/대변 모두 가능
1340400,이연법인세자산(비유동),차/대변 모두 가능
1340500,장기미수금,차/대변 모두 가능
1340600,대손충당(장기미수금),차/대변 모두 가능
1340700,장기공사미수금,차/대변 모두 가능
1340800,대손충당(장기공사미수금),차/대변 모두 가능
1340900,장기선급비용,차/대변 모두 가능
1340910,장기선급비용(공유),차/대변 모두 가능
1340920,장기선급비용(회원),차/대변 모두 가능
1340930,장기선급비용(약정),차/대변 모두 가능
1341000,장기미수수익,차/대변 모두 가능
1341010,대손충당금(장기미수수익),차/대변 모두 가능
1341100,금융리스채권(비유동),차/대변 모두 가능
1341200,예술품(기타),차/대변 모두 가능
1341300,장기분양미수금,차/대변 모두 가능
1341310,대손충당(장기분양미수금),차/대변 모두 가능
1350000,투자부동산,차/대변 모두 가능
1350100,토지(투자부동산),차/대변 모두 가능
1350200,건물(투자부동산),차/대변 모두 가능
1350300,감가누계(건물:투자부동산),차/대변 모두 가능
1350400,건물(건설중인자산:투자부동산),차/대변 모두 가능
1360000,사용권자산,차/대변 모두 가능
1360100,사용권자산(토지),차/대변 모두 가능
1360200,사용권자산(건물),차/대변 모두 가능
1360300,사용권자산감가상각누계액(건물),차/대변 모두 가능
1360400,사용권자산(구축물),차/대변 모두 가능
1360500,사용권자산감가상각누계액(구축물),차/대변 모두 가능
1360600,사용권자산(기계장치),차/대변 모두 가능
1360700,사용권자산감가상각누계액(기계장치),차/대변 모두 가능
1360800,사용권자산(공구와기구),차/대변 모두 가능
1360900,사용권자산감가상각누계액(공구와기구),차/대변 모두 가능
1361000,사용권자산(차량운반구),차/대변 모두 가능
1361100,사용권자산감가상각누계액(차량운반구),차/대변 모두 가능
1361200,사용권자산(선박),차/대변 모두 가능
1361300,사용권자산감가상각누계액(선박),차/대변 모두 가능
1361400,사용권자산감가상각누계액(토지),차/대변 모두 가능
2100100,매입채무,차/대변 모두 가능
2100101,매입채무(외상매입금),차/대변 모두 가능
2100102,매입채무(지급어음),차/대변 모두 가능
2100103,매입채무(전자어음),차/대변 모두 가능
2100104,매입채무(관계사),차/대변 모두 가능
2100105,매입채무(직불),차/대변 모두 가능
2100200,단기차입금,차/대변 모두 가능
2100201,단기차입금(일반대출),차/대변 모두 가능
2100202,단기차입금(PF대출),차/대변 모두 가능
2100203,단기차입금(관계회사),차/대변 모두 가능
2100204,단기차입금(당좌대출),차/대변 모두 가능
2100205,단기차입금(구매자금),차/대변 모두 가능
2100206,단기차입금(기타),차/대변 모두 가능
2100207,단기차입금(금지금차입),차/대변 모두 가능
2100208,단기차입금(한도대출),차/대변 모두 가능
2100300,미지급금,차/대변 모두 가능
2100301,미지급금(급여),차/대변 모두 가능
2100302,미지급금(카드),차/대변 모두 가능
2100303,미지급금(일반),차/대변 모두 가능
2100304,미지급금(퇴직금),차/대변 모두 가능
2100305,미지급금(자동이체),차/대변 모두 가능
2100350,출하자미지급금,차/대변 모두 가능
2100351,출하자미지급금(상품대),차/대변 모두 가능
2100352,출하자미지급금(일반),차/대변 모두 가능
2100360,출하자미지급금(온라인도매시장),차/대변 모두 가능
2100400,유동성장기부채,차/대변 모두 가능
2100410,유동성장기예수보증금,차/대변 모두 가능
2100500,미지급배당금,차/대변 모두 가능
2100600,선수금,차/대변 모두 가능
2100601,용역선수금,차/대변 모두 가능
2100602,용역선수금(용역),차/대변 모두 가능
2100603,용역선수금(진행률),차/대변 모두 가능
2100604,선수금(예약(분양)),차/대변 모두 가능
2100605,선수금(공유),차/대변 모두 가능
2100606,선수금(회원),차/대변 모두 가능
2100607,선수금(예약(콘도운용)),차/대변 모두 가능
2100608,선수금(약정),차/대변 모두 가능
2100609,선수금(DP),차/대변 모두 가능
2100610,선수금(패키지),차/대변 모두 가능
2100611,선수금(트레블클럽),차/대변 모두 가능
2100612,선수금(기타),차/대변 모두 가능
2100613,선수금(모먼트클럽),차/대변 모두 가능
2100614,선수금(부대시설),차/대변 모두 가능
2100615,선수금(단체),차/대변 모두 가능
2100616,선수금(지류쿠폰),차/대변 모두 가능
2100700,선수수익,차/대변 모두 가능
2100701,선수수익(임대료),차/대변 모두 가능
2100702,선수수익(관리비),차/대변 모두 가능
2100703,선수수익(대여료),차/대변 모두 가능
2100704,선수수익(이자),차/대변 모두 가능
2100800,공사선수금,차/대변 모두 가능
2100801,공사선수금(공사),차/대변 모두 가능
2100802,공사선수금(진행율),차/대변 모두 가능
2100803,공사선수금(옵션),차/대변 모두 가능
2100900,분양선수금,차/대변 모두 가능
2100901,분양선수금(아파트),차/대변 모두 가능
2100902,분양선수금(상가),차/대변 모두 가능
2100903,분양선수금(확장),차/대변 모두 가능
2100904,분양선수금(옵션),차/대변 모두 가능
2100905,분양선수금(진행율아파트),차/대변 모두 가능
2100906,분양선수금(진행율상가),차/대변 모두 가능
2100907,분양선수금(진행율확장),차/대변 모두 가능
2100908,분양선수금(진행율옵션),차/대변 모두 가능
2100909,분양선수금(오피스),차/대변 모두 가능
2100910,분양선수금(진행율오피스),차/대변 모두 가능
2101000,예수금,차/대변 모두 가능
2101001,예수금(계약이행),차/대변 모두 가능
2101002,예수금(소득세),차/대변 모두 가능
2101003,예수금(근로소득세),차/대변 모두 가능
2101004,예수금(퇴직소득세),차/대변 모두 가능
2101005,예수금(사업소득세),차/대변 모두 가능
2101006,예수금(이자소득세),차/대변 모두 가능
2101007,예수금(배당소득세),차/대변 모두 가능
2101008,예수금(기타소득세),차/대변 모두 가능
2101009,예수금(법인세),차/대변 모두 가능
2101010,예수금(주민세),차/대변 모두 가능
2101011,예수금(근로주민세),차/대변 모두 가능
2101012,예수금(퇴직주민세),차/대변 모두 가능
2101013,예수금(사업주민세),차/대변 모두 가능
2101014,예수금(이자주민세),차/대변 모두 가능
2101015,예수금(배당주민세),차/대변 모두 가능
2101016,예수금(기타주민세),차/대변 모두 가능
2101017,예수금(기타),차/대변 모두 가능
2101018,예수금(건강보험),차/대변 모두 가능
2101019,예수금(국민연금),차/대변 모두 가능
2101020,예수금(고용보험),차/대변 모두 가능
2101021,예수금(보증보험),차/대변 모두 가능
2101022,예수금(분양대금),차/대변 모두 가능
2101023,예수금(기부금),차/대변 모두 가능
2101024,예수금(상조회비),차/대변 모두 가능
2101025,예수금(건강보험회사분),차/대변 모두 가능
2101026,예수금(국민연금회사분),차/대변 모두 가능
2101027,예수금(임차자금),차/대변 모두 가능
2101028,예수금(하자이행),차/대변 모두 가능
2101029,예수금(사학연금),차/대변 모두 가능
2101030,예수금(재산세),차/대변 모두 가능
2101031,예수금(퇴직금),차/대변 모두 가능
2101032,예수금(보통예금),차/대변 모두 가능
2101033,예수금(개소세),차/대변 모두 가능
2101034,예수금(농특세),차/대변 모두 가능
2101035,예수금(교육세),차/대변 모두 가능
2101036,예수금(체육기금),차/대변 모두 가능
2101037,예수금(식음료),차/대변 모두 가능
2101038,예수금(프로샵),차/대변 모두 가능
2101039,예수금(서울옥션),차/대변 모두 가능
2101040,예수금(손망실),차/대변 모두 가능
2101041,예수금(객실선납),차/대변 모두 가능
2101042,예수금(운임),차/대변 모두 가능
2101043,예수금(하역비),차/대변 모두 가능
2101044,예수금(텍스프리),차/대변 모두 가능
2101045,예수금(중도매인미수금),차/대변 모두 가능
2101050,예수금(온라인도매시장),차/대변 모두 가능
2101051,예수금(온라인도매시장운임),차/대변 모두 가능
2101052,예수금(온라인도매시장하역비),차/대변 모두 가능
2101100,예수보증금(단기),차/대변 모두 가능
2101101,예수보증금(임대),차/대변 모두 가능
2101102,예수보증금(청약),차/대변 모두 가능
2101103,예수보증금(기타),차/대변 모두 가능
2101104,관리비예수금,차/대변 모두 가능
2101150,입회예수금,차/대변 모두 가능
2101160,현재가치할인차금(단기예수보증,차/대변 모두 가능
2101170,유동성예수보증금,차/대변 모두 가능
2101200,미지급비용,차/대변 모두 가능
2101201,미지급비용(보험료),차/대변 모두 가능
2101202,미지급비용(지급수수료),차/대변 모두 가능
2101203,미지급비용(이자비용),차/대변 모두 가능
2101204,미지급비용(기타),차/대변 모두 가능
2101205,미지급비용(카드),차/대변 모두 가능
2101300,당기법인세부채,차/대변 모두 가능
2101301,당기법인세부채(법인),차/대변 모두 가능
2101302,당기법인세부채(주민),차/대변 모두 가능
2101303,당기법인세부채(농특),차/대변 모두 가능
2101400,부가세예수금,차/대변 모두 가능
2101500,이연법인세부채(유동),차/대변 모두 가능
2101510,리스부채(유동),차/대변 모두 가능
2101550,수탁품,차/대변 모두 가능
2101560,수탁품(온라인도매시장),차/대변 모두 가능
2101600,본점(호반),차/대변 모두 가능
2101800,임대선수금,차/대변 모두 가능
2101801,임대선수금(아파트),차/대변 모두 가능
2101802,임대선수금(상가),차/대변 모두 가능
2101803,임대선수금(오피스),차/대변 모두 가능
2101804,현재가치할인차금(임대선수),차/대변 모두 가능
2101840,임대보증금(단기),차/대변 모두 가능
2101850,상가임대보증금(단기),차/대변 모두 가능
2101870,유동성주택임대보증금,차/대변 모두 가능
2101880,현재가치할인차금(유동성임대),차/대변 모두 가능
2101900,금융리스부채(유동),차/대변 모두 가능
2102000,금융보증부채(유동),차/대변 모두 가능
2103000,파생상품부채(유동),차/대변 모두 가능
2103100,공사손실충당부채(유동),차/대변 모두 가능
2103200,하자보수충당부채(유동),차/대변 모두 가능
2103300,소송충당부채(유동),차/대변 모두 가능
2103310,기타손실충당부채(유동),차/대변 모두 가능
2103320,입회금(리스-유동),차/대변 모두 가능
2103321,입회금(유동),차/대변 모두 가능
2103330,현재가치할인차금(입회금-유동),차/대변 모두 가능
2200100,장기차입금,차/대변 모두 가능
2200101,장기차입금(일반대출),차/대변 모두 가능
2200102,장기차입금(PF대출),차/대변 모두 가능
2200103,장기차입금(관계회사),차/대변 모두 가능
2200110,현재가치할인차금(일반대출),차/대변 모두 가능
2200200,임대보증금,차/대변 모두 가능
2200210,현재가치할인차금(임대),차/대변 모두 가능
2200250,수입보증금,차/대변 모두 가능
2200260,수입보증금(온라인도매시장),차/대변 모두 가능
2200300,퇴직급여충당부채,차/대변 모두 가능
2200301,퇴직보험예치금,차/대변 모두 가능
2200302,확정급여부채,차/대변 모두 가능
2200340,장기선수금,차/대변 모두 가능
2200350,장기선수수익,차/대변 모두 가능
2200400,하자보수예수금,차/대변 모두 가능
2200500,장기주택임대보증금,차/대변 모두 가능
2200510,현재가치할인차금(장기주택),차/대변 모두 가능
2200600,상가임대보증금(장기),차/대변 모두 가능
2200610,현재가치할인차금(상가임대),차/대변 모두 가능
2200700,주택임대보증금,차/대변 모두 가능
2200710,현재가치할인차금(주택임대),차/대변 모두 가능
2200800,예수보증금(장기),차/대변 모두 가능
2200801,예수보증금(장기임대),차/대변 모두 가능
2200802,관리비예수금(장기),차/대변 모두 가능
2200803,예수보증금(장기_이용(공유)),차/대변 모두 가능
2200804,예수보증금(장기_이용(회원)),차/대변 모두 가능
2200805,예수보증금(장기_입회(회원)),차/대변 모두 가능
2200806,예수보증금(장기_약정),차/대변 모두 가능
2200807,현재가치할인차금(장기예수),차/대변 모두 가능
2200808,예수보증금(장기_기타),차/대변 모두 가능
2200850,시설이용보증금(장기),차/대변 모두 가능
2200900,하자보수충당부채,차/대변 모두 가능
2200950,장기종업원급여부채,차/대변 모두 가능
2201000,고유목적사업준비금,차/대변 모두 가능
2201100,이연법인세부채(비유동),차/대변 모두 가능
2201200,계약해지손실충당부채,차/대변 모두 가능
2201300,소송충당부채,차/대변 모두 가능
2201400,특별수선충당부채,차/대변 모두 가능
2201600,공사손실충당부채(비유동),차/대변 모두 가능
2201610,반품충당부채,차/대변 모두 가능
2201620,판매충당부채,차/대변 모두 가능
2201630,기타손실충당부채(비유동),차/대변 모두 가능
2201700,퇴직연금운용자산,차/대변 모두 가능
2201710,퇴직연금운용자산(예금),차/대변 모두 가능
2201720,퇴직연금운용자산(미운용자산),차/대변 모두 가능
2201800,기타비유동부채,차/대변 모두 가능
2201900,장기미지급비용,차/대변 모두 가능
2201902,리스부채(비유동),차/대변 모두 가능
2202000,입회금,차/대변 모두 가능
2202001,입회금(1차),차/대변 모두 가능
2202002,입회금(2차),차/대변 모두 가능
2202003,입회금(3차),차/대변 모두 가능
2202004,입회금(4차),차/대변 모두 가능
2202005,입회금(5차),차/대변 모두 가능
2202006,입회금(6차),차/대변 모두 가능
2202007,입회금(7차),차/대변 모두 가능
2202008,입회금(8차),차/대변 모두 가능
2202009,입회금(9차),차/대변 모두 가능
2202010,입회금(10차-GVIP),차/대변 모두 가능
2202011,입회금(10차-VIP),차/대변 모두 가능
2202012,입회금(10차-주중),차/대변 모두 가능
2202013,입회금(11차-GVIP),차/대변 모두 가능
2202014,입회금(11차-VIP),차/대변 모두 가능
2202015,입회금(11차-주중),차/대변 모두 가능
2202016,입회금(12차-GVIP),차/대변 모두 가능
2202017,입회금(12차-VIP),차/대변 모두 가능
2202018,입회금(13차-특별),차/대변 모두 가능
2202019,입회금(13차-VIP),차/대변 모두 가능
2202020,입회금(14차-VIP),차/대변 모두 가능
2202021,입회금(14차-주중),차/대변 모두 가능
2202022,입회금(15차-특법),차/대변 모두 가능
2202023,입회금(15차-VIP),차/대변 모두 가능
2202024,입회금(주중),차/대변 모두 가능
2202025,입회금(1차-VVIP),차/대변 모두 가능
2202026,입회금(16차-주중),차/대변 모두 가능
2202027,입회금(2차-VVIP),차/대변 모두 가능
2202028,입회금(18차-주중),차/대변 모두 가능
2202029,입회금(3차-VVIP),차/대변 모두 가능
2202030,입회금(4차-VVIP),차/대변 모두 가능
2202040,입회금(리스-비유동),차/대변 모두 가능
2202060,현재가치할인차금(입회금-비유동,차/대변 모두 가능
2202100,금융리스부채(비유동),차/대변 모두 가능
2202200,금융보증부채(비유동),차/대변 모두 가능
3100100,자본금,차/대변 모두 가능
3100101,보통주자본금,차/대변 모두 가능
3100102,우선주자본금,차/대변 모두 가능
3100103,기본재산,차/대변 모두 가능
3100104,보통재산,차/대변 모두 가능
3100105,출연금,차/대변 모두 가능
3100106,출자금,차/대변 모두 가능
3200100,자본잉여금,차/대변 모두 가능
3200101,자본준비금,차/대변 모두 가능
3200102,주식발행초과금,차/대변 모두 가능
3200103,감자차익,차/대변 모두 가능
3200104,합병차익,차/대변 모두 가능
3200105,기타자본잉여금,차/대변 모두 가능
3200106,자산수증이익,차/대변 모두 가능
3200108,자기주식처분이익,차/대변 모두 가능
3200109,전환권대가,차/대변 모두 가능
3200110,신주인수권대가,차/대변 모두 가능
3200111,재평가적립금,차/대변 모두 가능
3300200,법정적립금준비금,차/대변 모두 가능
3300201,이익준비금,차/대변 모두 가능
3300202,기업합리화적립금,차/대변 모두 가능
3300203,재무구조개선적립금,차/대변 모두 가능
3300204,기업발전적립금,차/대변 모두 가능
3300205,기타법정적립금,차/대변 모두 가능
3300300,연구및인력개발준비금,차/대변 모두 가능
3300400,임의적립금,차/대변 모두 가능
3300401,해외시장개척준비금,차/대변 모두 가능
3300402,수출손실준비금,차/대변 모두 가능
3300403,해외투자손실준비금,차/대변 모두 가능
3300404,해외사업손실준비금,차/대변 모두 가능
3300405,수출손실적립금,차/대변 모두 가능
3300406,가격변동준비금,차/대변 모두 가능
3300407,기술개발준비금,차/대변 모두 가능
3300408,기술개발적립금,차/대변 모두 가능
3300409,결손보전적립금,차/대변 모두 가능
3300410,투융자손실준비금,차/대변 모두 가능
3300411,기타임의적립금,차/대변 모두 가능
3300412,손해배상준비금,차/대변 모두 가능
3300500,차기이월이익잉여금,차/대변 모두 가능
3300600,미처분이익잉여금,차/대변 모두 가능
3300601,지분법이익잉여금변동,차/대변 모두 가능
3300602,부의지분법잉여금변동,차/대변 모두 가능
3300700,수정후이월이익잉여금,차/대변 모두 가능
3300800,전기이월이익잉여금,차/대변 모두 가능
3300900,사업확장적립금,차/대변 모두 가능
3301000,배당평균적립금,차/대변 모두 가능
3301100,감채적립금,차/대변 모두 가능
3400100,자본조정,차/대변 모두 가능
3400101,주식할인발행차금,차/대변 모두 가능
3400102,배당건설이자,차/대변 모두 가능
3400103,자기주식,차/대변 모두 가능
3400104,감자차손,차/대변 모두 가능
3400105,자기주식처분손실,차/대변 모두 가능
3400106,전환권대가,차/대변 모두 가능
3400107,신주인수권대가,차/대변 모두 가능
3400108,미교부주식배당금,차/대변 모두 가능
3400109,주식매입선택권,차/대변 모두 가능
3400110,주식매수선택권,차/대변 모두 가능
3400111,파생상품평가손실,차/대변 모두 가능
3400112,통화스왑평가손실,차/대변 모두 가능
3400113,출자전환채무,차/대변 모두 가능
3400114,기타자본조정,차/대변 모두 가능
3400115,국고보조금,차/대변 모두 가능
3400116,공사부담금,차/대변 모두 가능
3400117,신주청약증거금,차/대변 모두 가능
3400118,부의지분법자본변동,차/대변 모두 가능
3500100,기타포괄손익누계액,차/대변 모두 가능
3500101,해외사업환산차,차/대변 모두 가능
3500102,해외사업환산대,차/대변 모두 가능
3500103,투자유가증권평가손실,차/대변 모두 가능
3500104,투자유가증권평가이익,차/대변 모두 가능
3500105,매도가능증권평가손실,차/대변 모두 가능
3500106,매도가능증권평가이익,차/대변 모두 가능
3500107,만기보유증권평가손실,차/대변 모두 가능
3500108,만기보유증권평가이익,차/대변 모두 가능
3500109,부의지분법자본변동,차/대변 모두 가능
3500110,지분법자본변동,차/대변 모두 가능
3500111,현금흐름위험회피파생상품평가손,차/대변 모두 가능
3500112,현금흐름위험회피파생상품평가이,차/대변 모두 가능
3500113,자산재평가이익,차/대변 모두 가능
3500114,지분법자본변동(전기이월),차/대변 모두 가능
4100100,공사수입,대변
4100200,분양수입,대변
4100210,오피스분양수입,대변
4100300,아파트분양할인료,차변
4100310,오피스분양할인료,차변
4100400,상가분양수입,대변
4100500,상가분양할인료,차변
4100600,기타분양수입,대변
4100650,회원권분양수입,대변
4100700,임대료수입,대변
4100701,임대료수입(상가),대변
4100702,임대료수입(아파트),대변
4100703,임대료수입(오피스텔),대변
4100704,임대료수입(주차장),대변
4100705,임대료수입(가설),대변
4100706,임대료수입(토지),대변
4100707,임대료수입(식음),대변
4100708,임대료수입(프로샵),대변
4100709,임대료수입(오피스),대변
4100710,임대주택채권이자수익,대변
4100711,임대료수입(선박),대변
4100750,기타분양할인료,차변
4100800,용역료수입,대변
4100900,기부금수입,대변
4101000,대출금이자,대변
4101100,관광알선수입,대변
4101200,시설물관리수입,대변
4101300,관리비수입,대변
4101400,주차장수입,대변
4101500,입장료수입,대변
4101501,입장료수입(M),대변
4101502,입장료수입(P),대변
4101600,대여료수입,대변
4101700,식음료수입,대변
4101800,프로샵수입,대변
4101900,회원관리수입,대변
4102000,조경수입,대변
4102100,돌고래사진촬영수입,대변
4102200,공연수입,대변
4102300,기념품샵수입,대변
4102400,제트수입,대변
4102500,요트수입,대변
4102600,편의점수입,대변
4102700,아트샵수입,대변
4102800,전시수입,대변
4102810,전시기획수입,대변
4102900,교육수입,대변
4103000,객실료수입,대변
4103100,식료수입,대변
4103200,음료수입,대변
4103300,상품수입,대변
4103400,기타콘도수입,대변
4103500,수탁판매수수료,대변
4103501,수탁판매수수료(상장경매),대변
4103502,수탁판매수수료(정액수수료),대변
4103510,수탁판매수수료(온라인도매시장),대변
4103600,제품수입,대변
4103601,제품수입(국내),대변
4103602,제품수입(수출),대변
4103610,상품수입(금거래소),대변
4103611,상품수입(국내),대변
4103612,상품수입(수출),대변
4103700,수수료수입,대변
4103900,기타수입,대변
4103901,기타수입,대변
4104000,상품수입(호반자산개발),대변
4104001,상품수입할인료,차변
4104010,상품수입(식음료),대변
4104020,상품수입(드립백),대변
4104030,상품수입(편의점),대변
4104040,상품수입(기타),대변
4200100,일반관리비,차변
4200101,재료비(일반),차변
4200102,가설손료(일반),차변
4200103,임원급여(일반),차변
4200104,직원급여(일반),차변
4200105,노무비(일반),차변
4200106,상여금(일반),차변
4200107,퇴직금(일반),차변
4200108,외주비(일반),차변
4200109,복리후생비(일반),차변
4200110,여비교통비(일반),차변
4200111,수도광열비(일반),차변
4200112,세금과공과금(일반),차변
4200113,임차료(일반),차변
4200114,감가상각비(일반),차변
4200115,수선비(일반),차변
4200116,보험료(일반),차변
4200117,접대비(일반),차변
4200118,광고선전비(일반),차변
4200119,경상연구개발비(일반),차변
4200120,지급수수료(일반),차변
4200121,운반비(일반),차변
4200122,판매촉진비(일반),차변
4200123,대손상각비(일반),차변
4200124,무형자산상각비(일반),차변
4200125,교육훈련비(일반),차변
4200126,협회비(일반),차변
4200127,차량유지비(일반),차변
4200128,소모품비(일반),차변
4200129,도서인쇄비(일반),차변
4200130,목적사업비(일반),차변
4200131,중기유지비(일반),차변
4200132,중기임차료(일반),차변
4200133,통신비(일반),차변
4200134,안전관리비(일반),차변
4200135,현장관리비(일반),차변
4200136,기술개발비(일반),차변
4200137,회의비(일반),차변
4200138,주택관리비(일반),차변
4200139,하자보상비(일반),차변
4200140,임대주택관리비(일반),차변
4200141,잡비(일반),차변
4200142,퇴직급여충당금전입액(일반),차변
4200143,단체퇴직급여충당금전입액(일반),차변
4200144,기부금(일반),차변
4200145,분양해지손실(일반),차변
4200146,차량주유비(일반),차변
4200147,장학사업비(일반),차변
4200148,학술연구지원비(일반),차변
4200149,복지사업비(일반),차변
4200150,미술전람비(일반),차변
4200151,기타목적사업비(일반),차변
4200152,사육비(일반),차변
4200153,공연사업비(일반),차변
4200154,교육사업비(일반),차변
4200155,판매수수료(일반),차변
4200156,홍보비(일반),차변
4200157,특별수선충당금전입액(일반),차변
4200158,기타보상비(일반),차변
4200159,판매장려금(일반),차변
4200160,출하장려금(일반),차변
4200161,하역료(일반),차변
4200162,가격보전비(일반),차변
4200163,시장사용료(일반),차변
4200164,이자비용(일반),차변
4200165,문화예술사업비-시상,차변
4200166,문화예술사업비-교육,차변
4200167,문화예술사업비-지원,차변
4200168,문화예술사업비-컨텐츠,차변
4200169,수출제비용(일반),차변
4200170,전시제작비,차변
4200171,업무추진비,차변
4200172,판매장려금(온라인도매시장),차변
4200173,출하장려금(온라인도매시장),차변
4200174,하역료(온라인도매시장),차변
4200175,가격보전비(온라인도매시장),차변
4200176,시장사용료(온라인도매시장),차변
4200177,장학사업비(운영),차변
4200178,기타비용(시상금),차변
4200200,공사원가,차변
4200201,재료비(공사),차변
4200202,가설손료(공사),차변
4200203,임원급여(공사),차변
4200204,직원급여(공사),차변
4200205,노무비(공사),차변
4200206,상여금(공사),차변
4200207,퇴직금(공사),차변
4200208,외주비(공사),차변
4200209,복리후생비(공사),차변
4200210,여비교통비(공사),차변
4200211,수도광열비(공사),차변
4200212,세금과공과금(공사),차변
4200213,임차료(공사),차변
4200214,감가상각비(공사),차변
4200215,수선비(공사),차변
4200216,보험료(공사),차변
4200217,접대비(공사),차변
4200218,광고선전비(공사),차변
4200219,경상연구개발비(공사),차변
4200220,지급수수료(공사),차변
4200221,운반비(공사),차변
4200222,판매촉진비(공사),차변
4200223,대손상각비(공사),차변
4200224,무형자산상각비(공사),차변
4200225,교육훈련비(공사),차변
4200226,협회비(공사),차변
4200227,차량유지비(공사),차변
4200228,소모품비(공사),차변
4200229,도서인쇄비(공사),차변
4200230,목적사업비(공사),차변
4200231,중기유지비(공사),차변
4200232,중기임차료(공사),차변
4200233,통신비(공사),차변
4200234,안전관리비(공사),차변
4200235,현장관리비(공사),차변
4200236,기술개발비(공사),차변
4200237,회의비(공사),차변
4200238,주택관리비(공사),차변
4200239,하자보상비(공사),차변
4200240,임대주택관리비(공사),차변
4200241,잡비(공사),차변
4200242,퇴직급여충당금전입액(공사),차변
4200243,단체퇴직급여충당금전입액(공사),차변
4200244,기부금(공사),차변
4200245,공사손실충당부채전입액,차변
4200246,차량주유비(공사),차변
4200252,사육비(공사),차변
4200253,공사원가(공연사업비),차변
4200254,공사원가(교육사업비),차변
4200255,공사원가(판매수수료),차변
4200256,공사원가(홍보비),차변
4200257,공사원가(특별수선충당금전입액),차변
4200258,기타보상비(공사),차변
4200300,분양원가,차변
4200301,재료비(분양),차변
4200302,가설손료(분양),차변
4200303,임원급여(분양),차변
4200304,직원급여(분양),차변
4200305,노무비(분양),차변
4200306,상여금(분양),차변
4200307,퇴직금(분양),차변
4200308,외주비(분양),차변
4200309,복리후생비(분양),차변
4200310,여비교통비(분양),차변
4200311,수도광열비(분양),차변
4200312,세금과공과금(분양),차변
4200313,임차료(분양),차변
4200314,감가상각비(분양),차변
4200315,수선비(분양),차변
4200316,보험료(분양),차변
4200317,접대비(분양),차변
4200318,광고선전비(분양),차변
4200319,경상연구개발비(분양),차변
4200320,지급수수료(분양),차변
4200321,운반비(분양),차변
4200322,판매촉진비(분양),차변
4200323,대손상각비(분양),차변
4200324,무형자산상각비(분양),차변
4200325,교육훈련비(분양),차변
4200326,협회비(분양),차변
4200327,차량유지비(분양),차변
4200328,소모품비(분양),차변
4200329,도서인쇄비(분양),차변
4200330,목적사업비(분양),차변
4200331,중기유지비(분양),차변
4200332,중기임차료(분양),차변
4200333,통신비(분양),차변
4200334,안전관리비(분양),차변
4200335,현장관리비(분양),차변
4200336,기술개발비(분양),차변
4200337,회의비(분양),차변
4200338,주택관리비(분양),차변
4200339,하자보상비(분양),차변
4200340,임대주택관리비(분양),차변
4200341,잡비(분양),차변
4200342,퇴직급여충당금전입액(분양),차변
4200343,단체퇴직급여충당금전입액(분양),차변
4200344,기부금(분양),차변
4200346,차량주유비(분양),차변
4200347,건설자금이자(분양),차변
4200348,공사손실충당부채전입액(분양),차변
4200352,사육비(분양),차변
4200353,분양원가(공연사업비),차변
4200354,분양원가(교육사업비),차변
4200355,분양원가(판매수수료),차변
4200356,분양원가(홍보비),차변
4200357,분양원가(특별수선충당금전입액),차변
4200358,기타보상비(분양),차변
4200394,기초완성주택(분양),차변
4200395,타계정으로대체(분양),대변
4200396,타계정에서대체(분양),차변
4200397,기초미완성주택(분양),차변
4200398,분양원가(진행율),차변
4200399,분양원가(완성),차변
4200400,임대원가,차변
4200401,재료비(임대),차변
4200402,가설손료(임대),차변
4200403,임원급여(임대),차변
4200404,직원급여(임대),차변
4200405,노무비(임대),차변
4200406,상여금(임대),차변
4200407,퇴직금(임대),차변
4200408,외주비(임대),차변
4200409,복리후생비(임대),차변
4200410,여비교통비(임대),차변
4200411,수도광열비(임대),차변
4200412,세금과공과금(임대),차변
4200413,임차료(임대),차변
4200414,감가상각비(임대),차변
4200415,수선비(임대),차변
4200416,보험료(임대),차변
4200417,접대비(임대),차변
4200418,광고선전비(임대),차변
4200419,경상연구개발비(임대),차변
4200420,지급수수료(임대),차변
4200421,운반비(임대),차변
4200422,판매촉진비(임대),차변
4200423,대손상각비(임대),차변
4200424,무형자산상각비(임대),차변
4200425,교육훈련비(임대),차변
4200426,협회비(임대),차변
4200427,차량유지비(임대),차변
4200428,소모품비(임대),차변
4200429,도서인쇄비(임대),차변
4200430,목적사업비(임대),차변
4200431,중기유지비(임대),차변
4200432,중기임차료(임대),차변
4200433,통신비(임대),차변
4200434,안전관리비(임대),차변
4200435,현장관리비(임대),차변
4200436,기술개발비(임대),차변
4200437,회의비(임대),차변
4200438,주택관리비(임대),차변
4200439,하자보상비(임대),차변
4200440,임대주택관리비(임대),차변
4200441,잡비(임대),차변
4200442,퇴직급여충당금전입액(임대),차변
4200443,단체퇴직급여충당금전입액(임대),차변
4200445,특별수선비(임대),차변
4200446,차량주유비(임대),차변
4200458,기타보상비(임대),차변
4200500,용역매출원가,차변
4200501,재료비(용역),차변
4200502,가설손료(용역),차변
4200503,임원급여(용역),차변
4200504,직원급여(용역),차변
4200505,노무비(용역),차변
4200506,상여금(용역),차변
4200507,퇴직금(용역),차변
4200508,외주비(용역),차변
4200509,복리후생비(용역),차변
4200510,여비교통비(용역),차변
4200511,수도광열비(용역),차변
4200512,세금과공과금(용역),차변
4200513,임차료(용역),차변
4200514,감가상각비(용역),차변
4200515,수선비(용역),차변
4200516,보험료(용역),차변
4200517,접대비(용역),차변
4200518,광고선전비(용역),차변
4200519,경상연구개발비(용역),차변
4200520,지급수수료(용역),차변
4200521,운반비(용역),차변
4200522,판매촉진비(용역),차변
4200523,대손상각비(용역),차변
4200524,무형자산상각비(용역),차변
4200525,교육훈련비(용역),차변
4200526,협회비(용역),차변
4200527,차량유지비(용역),차변
4200528,소모품비(용역),차변
4200529,도서인쇄비(용역),차변
4200530,목적사업비(용역),차변
4200531,중기유지비(용역),차변
4200532,중기임차료(용역),차변
4200533,통신비(용역),차변
4200534,안전관리비(용역),차변
4200535,현장관리비(용역),차변
4200536,기술개발비(용역),차변
4200537,회의비(용역),차변
4200538,주택관리비(용역),차변
4200539,하자보상비(용역),차변
4200540,임대주택관리비(용역),차변
4200541,잡비(용역),차변
4200542,퇴직급여충당금전입액(용역),차변
4200543,단체퇴직급여충당금전입액(용역),차변
4200544,기부금(용역),차변
4200545,특별수선비(용역),차변
4200546,차량주유비(용역),차변
4200552,사육비(용역),차변
4200558,기타보상비(용역),차변
4200560,기타손실충당부채전입액(용역),차변
4200600,기타분양원가,차변
4200700,상품원가,차변
4200701,재료비(상품),차변
4200702,가설손료(상품),차변
4200703,임원급여(상품),차변
4200704,직원급여(상품),차변
4200705,노무비(상품),차변
4200706,상여금(상품),차변
4200707,퇴직금(상품),차변
4200708,외주비(상품),차변
4200709,복리후생비(상품),차변
4200710,여비교통비(상품),차변
4200711,수도광열비(상품),차변
4200712,세금과공과금(상품),차변
4200713,임차료(상품),차변
4200714,감가상각비(상품),차변
4200715,수선비(상품),차변
4200716,보험료(상품),차변
4200717,접대비(상품),차변
4200718,광고선전비(상품),차변
4200719,경상연구개발비(상품),차변
4200720,지급수수료(상품),차변
4200721,운반비(상품),차변
4200722,판매촉진비(상품),차변
4200723,대손상각비(상품),차변
4200724,무형자산상각비(상품),차변
4200725,교육훈련비(상품),차변
4200726,협회비(상품),차변
4200727,차량유지비(상품),차변
4200728,소모품비(상품),차변
4200729,도서인쇄비(상품),차변
4200730,목적사업비(상품),차변
4200731,중기유지비(상품),차변
4200732,중기임차료(상품),차변
4200733,통신비(상품),차변
4200734,안전관리비(상품),차변
4200735,현장관리비(상품),차변
4200736,기술개발비(상품),차변
4200737,회의비(상품),차변
4200738,주택관리비(상품),차변
4200739,하자보상비(상품),차변
4200740,임대주택관리비(상품),차변
4200741,잡비(상품),차변
4200742,퇴직급여충당금전입액(상품),차변
4200743,단체퇴직급여충당금전입액(상품),차변
4200744,기부금(상품),차변
4200746,차량주유비(상품),차변
4200752,사육비(상품),차변
4200758,기타보상비(상품),차변
4200759,관세환급금(상품),차변
4200800,제품원가,차변
4200801,재료비(제품),차변
4200802,가설손료(제품),차변
4200803,임원급여(제품),차변
4200804,직원급여(제품),차변
4200805,노무비(제품),차변
4200806,상여금(제품),차변
4200807,퇴직금(제품),차변
4200808,외주비(제품),차변
4200809,복리후생비(제품),차변
4200810,여비교통비(제품),차변
4200811,수도광열비(제품),차변
4200812,세금과공과금(제품),차변
4200813,임차료(제품),차변
4200814,감가상각비(제품),차변
4200815,수선비(제품),차변
4200816,보험료(제품),차변
4200817,접대비(제품),차변
4200818,광고선전비(제품),차변
4200819,경상연구개발비(제품),차변
4200820,지급수수료(제품),차변
4200821,운반비(제품),차변
4200822,판매촉진비(제품),차변
4200823,대손상각비(제품),차변
4200824,무형자산상각비(제품),차변
4200825,교육훈련비(제품),차변
4200826,협회비(제품),차변
4200827,차량유지비(제품),차변
4200829,도서인쇄비(제품),차변
4200833,통신비(제품),차변
4200837,회의비(제품),차변
4200839,하자보상비(제품),차변
4200841,잡비(제품),차변
4200842,퇴직급여충당금전입액(제품),차변
4200843,단체퇴직급여충당금전입액(제품),차변
4200846,차량주유비(제품),차변
4200852,사육비(제품),차변
4200858,기타보상비(제품),차변
4200859,외주가공비(제품),차변
4200860,원재료(제품),차변
4200861,원재료(제품_기초원재료),차변
4200862,원재료(제품_당기매입액),차변
4200863,원재료(제품_타계정대체),차변
4200864,원재료(제품_기말재고),차변
4200865,관세환급금(제품),차변
4201000,용역매출원가,차변
4201001,재료비(용역),차변
4201002,가설손료(용역),차변
4201003,임원급여(용역),차변
4201004,직원급여(용역),차변
4201005,노무비(용역),차변
4201006,상여금(용역),차변
4201007,퇴직금(용역),차변
4201008,외주비(용역),차변
4201009,복리후생비(용역),차변
4201010,여비교통비(용역),차변
4201011,수도광열비(용역),차변
4201012,세금과공과금(용역),차변
4201013,임차료(용역),차변
4201014,감가상각비(용역),차변
4201015,수선비(용역),차변
4201016,보험료(용역),차변
4201017,접대비(용역),차변
4201018,광고선전비(용역),차변
4201019,경상연구개발비(용역),차변
4201020,지급수수료(용역),차변
4201021,운반비(용역),차변
4201022,판매촉진비(용역),차변
4201023,대손상각비(용역),차변
4201024,무형자산상각비(용역),차변
4201025,교육훈련비(용역),차변
4201026,협회비(용역),차변
4201027,차량유지비(용역),차변
4201028,소모품비(용역),차변
4201029,도서인쇄비(용역),차변
4201030,목적사업비(용역),차변
4201031,중기유지비(용역),차변
4201032,중기임차료(용역),차변
4201033,통신비(용역),차변
4201034,안전관리비(용역),차변
4201035,현장관리비(용역),차변
4201036,기술개발비(용역),차변
4201037,회의비(용역),차변
4201038,주택관리비(용역),차변
4201039,하자보상비(용역),차변
4201040,임대주택관리비(용역),차변
4201041,잡비(용역),차변
4201042,퇴직급여충당금전입액(용역),차변
4201043,단체퇴직급여충당금전입액(용역),차변
4201045,특별수선비(용역),차변
4201046,차량주유비(용역),차변
4201052,사육비(용역),차변
4201057,특별수선충당금전입액(용역),차변
4201058,기타보상비(용역),차변
4201059,복리후생비(용역_식료),차변
4201060,복리후생비(용역_보험),차변
4201061,복리후생비(용역_피복),차변
4201062,복리후생비(용역_음료),차변
4201063,복리후생비(용역_기타),차변
4201064,수도광열비(용역_유류),차변
4201065,수도광열비(용역_수도),차변
4201066,수도광열비(용역_가스),차변
4201067,수도광열비(용역_전력),차변
4201068,수도광열비(용역_기타),차변
4201069,수선비(용역_유지보수),차변
4201070,수선비(용역_시설류),차변
4201071,수선비(용역_기타),차변
4201072,지급수수료(용역_송금/추심),차변
4201073,지급수수료(용역_수수료매장),차변
4201074,지급수수료(용역_검사료),차변
4201075,지급수수료(용역_카드),차변
4201076,지급수수료(용역_공연),차변
4201077,지급수수료(용역_전산),차변
4201078,지급수수료(용역_기타),차변
4201079,판매수수료(용역),차변
4201080,청소용역료(용역),차변
4201081,세탁용역료(용역),차변
4201082,장식용역료(용역),차변
4201083,차량유지비(용역_보험),차변
4201084,차량유지비(용역_수리),차변
4201085,소모품비(용역_린넨류),차변
4201086,소모품비(용역_기물류),차변
4201087,소모품비(용역_현수막),차변
4201088,소모품비(용역_전산),차변
4201089,소모품비(용역_기타),차변
4201090,도서인쇄비(용역_신문),차변
4201091,도서인쇄비(용역_도서),차변
4201092,도서인쇄비(용역_인쇄),차변
4201093,식료재료비(용역),차변
4201094,음료재료비(용역),차변
4201095,상품재료비(용역),차변
4201096,기타재료비(용역),차변
4201097,복리후생비(용역_경조),차변
4201098,복리후생비(용역_식대),차변
4300100,수입이자,대변
4300101,수입이자(예금),대변
4300102,수입이자(관계사),대변
4300103,수입이자(기타),대변
4300104,수입이자(리스),대변
4300200,이자수익,대변
4300201,이자수익(예금),대변
4300202,이자수익(리스),대변
4300209,이자수익(기타),대변
4300250,대여금이자,대변
4300251,이자수익(단기대여금),대변
4300300,수입배당금,대변
4300400,임대료수입(기타),대변
4300500,연체료수입,대변
4300600,매입할인,대변
4300700,외환차익                                ,대변
4300800,외화환산이익                            ,대변
4300900,법인세환입액,대변
4301000,대손충당금환입,대변
4301100,고유목적사업준비금환입,대변
4301200,하자보수충당금환입,대변
4301300,재고자산처분이익,대변
4301400,유형자산처분이익,대변
4301500,단기매매증권처분이익,대변
4301600,투자자산처분이익,대변
4301700,매도가능증권처분이익,대변
4301701,당기손익금융자산(지분)처분이익,대변
4301702,당기손익금융자산(채무)처분이익,대변
4301703,사용권자산처분이익,대변
4301800,지분법이익,대변
4301900,용역수익,대변
4302000,잡이익,대변
4302100,보험차익,대변
4302200,자산수증이익,대변
4302300,전기오류수정이익,대변
4302400,채무면제이익,대변
4302450,투자유가증권처분이익(출자금),대변
4302500,지분법투자주식처분이익,대변
4302510,수입배당금(출자금),대변
4302600,위탁관리수익,대변
4302700,단기매매증권평가이익,대변
4302701,당기손익금융자산(지분)평가이익,대변
4302702,당기손익금융자산(채무)평가이익,대변
4302800,계약해지손실충당부채환입,대변
4302900,염가매수차익,대변
4303000,광고수익,대변
4303100,매도가능증권손상차손환입,대변
4303101,당기손익금융자산(지분)손상환입,대변
4303102,당기손익금융자산(채무)손상환입,대변
4303200,기타수익,대변
4303300,소송충당부채환입,대변
4303301,기타손실충당부채환입,대변
4303400,금융보증비환입,대변
4303500,정부보조금수익,대변
4303710,투자주식수익,대변
4303711,투자주식처분이익(신기술),대변
4303714,수입배당금(신기술),대변
4303720,출자금수익(신기술금융),대변
4303723,수입배당금(신기술출자금),대변
4303730,투자사채수익,대변
4303731,투자사채수입이자,대변
4303732,투자사채처분이익,대변
4303733,투자유가증권처분이익(사채),대변
4303760,신기술금융수수료,대변
4303761,조합관리수입수수료,대변
4303762,수입약정수수료,대변
4303763,수입조정수수료,대변
4303764,기한전상환수수료,대변
4303769,기타 신기술금융수수료,대변
4303830,유가증권매매이익,대변
4303831,파생상품평가이익,대변
4303900,파생상품거래이익,대변
4303901,통화선도거래이익,대변
4303902,선물거래이익,대변
4304000,회원권 손상차환입,대변
4304100,차입금상환이익(골드론),대변
4400100,지급이자,차변
4400101,지급이자(PF대출),차변
4400102,지급이자(관계사),차변
4400103,지급이자(기금차입),차변
4400104,지급이자(당좌차월),차변
4400105,지급이자(기타),차변
4400106,지급이자(구매자금),차변
4400107,지급이자(리스),차변
4400108,지급이자(한도대출),차변
4400200,창업비상각,차변
4400300,개업비상각,차변
4400400,신주발행비상각,차변
4400500,연구개발비상각,차변
4400600,기타의대손상각,차변
4400700,단기매매증권평가손실,차변
4400701,당기손익금융자산(지분)평가손실,차변
4400702,당기손익금융자산(채무)평가손실,차변
4400800,투자자산평가손실,차변
4400900,외화환산손실,차변
4401000,외환차손,차변
4401100,고유목적사업준비금전입,차변
4401200,재고자산평가손실,차변
4401250,재고자산처분손실,차변
4401300,기부금,차변
4401400,법인세추납액,차변
4401500,유형자산처분손실,차변
4401510,유형자산손상차손,차변
4401550,무형자산처분손실,차변
4401560,무형자산손상차손,차변
4401570,투자자산손상차손,차변
4401600,투자자산처분손실,차변
4401601,단기매매증권처분손실,차변
4401650,매도가능증권처분손실,차변
4401651,당기손익금융자산(지분)처분손실,차변
4401652,당기손익금융자산(채무)처분손실,차변
4401660,매도가능증권손상차손,차변
4401661,당기손익금융자산(지분)손상차손,차변
4401662,당기손익금융자산(채무)손상차손,차변
4401670,매도가능증권감액손실,차변
4401675,투자주식처분손실(신기술),차변
4401680,투자유자증권처분비용(신기술),차변
4401681,투자유가증권처분손실(신기술),차변
4401690,투자유가증권처분비용(출자금),차변
4401691,투자유가증권처분손실(출자금),차변
4401692,투자유가증권처분손실,차변
4401693,사용권자산처분손실,차변
4401700,지분법손실,차변
4401750,지분법투자주식처분손실,차변
4401755,종속기업및관계기업투자손상차손,차변
4401760,채권상환손실,차변
4401770,파생상품처분손실,차변
4401800,용역비용,차변
4401900,잡손실,차변
4402000,전기오류수정손실,차변
4402100,재해손실,차변
4402200,계약해지손실,차변
4402300,소송충당부채전입액,차변
4402301,기타손실충당부채전입액,차변
4402400,운휴자산관리비,차변
4402401,파생상품평가손실,차변
4402402,채무조정손실,차변
4402500,금융보증비,차변
4402600,파생상품거래손실,차변
4402601,통화선도거래손실,차변
4402602,선물거래손실,차변
4402700,차입금상환손실(골드론),차변
4500100,법인세비용,차변
